{
    "huonenimi": "Myllypuro",
    "huoneNro": 10,
    "huoneteksti": "Saavut Myllypuroon, siihen Helsingin kaupunginosaan josta kukaan ei juuri puhu. Edessäsi on Myllypuron ostari, joka ei miellytä silmääsi, mutta on kuitenkin mukavamman oloinen kun Dixi. Matkasi jatkuu junalla Itäkeskukseen.",
    "huonehp": null,
    "pohjoinen": null,
    "ita": null,
    "etela": {
        "huoneeseen": 12,
        "avain": null
    },
    "lansi": null,
    "vastustaja": {
        "nimi": "Myllypuron iso muhis",
        "teksti": "Eikai vain, pahamaineinen, valtavan kokoinen Myllypuron iso muhis häämöttää edessäsi. Hän ei näytä iloiselta. Huomaat hänen taskustaan pilkottavan paperinpalan, kenties kaukolipun pala? Nyt on taisteltava!",
        "voittoviesti": "Huhhuh, voitit ison muhiksen. Tutkit hänen taskut, ja hänen sieltä putoaa paperinpala",
        "tappioviesti": "Voi pahus. Iso muhis on syystäkin pelätty. Haluat kuitenkin tietää, mikä hänen taskussa oleva paperinpala on, joten joudut taistella uudestaan.",
        "pisteet": 20,
        "hp": 20,
        "voittoraja": 15
    },
    "avain": null,
    "esine": {
        "nimi": "Kaukolippu 2/4",
        "teksti": "Nostatko paperinpalan?",
        "vaikutus": "Paperi paljastuikin kaukolipun 2. palaksi!",
        "pisteet": 25,
        "hp": 0
    }
}